动画 ID,官方英文名,中文名,时长(s),事件数,"触发攻击
InvokeAttack","盾防御
InvokeShieldBlock","强制弹反
ForceParryMode","被弹反
ParriedState","死亡触发
InvokeDeath","R1取消窗
CancelEnd_R1","R2取消窗
CancelEnd_R2","L1取消窗
CancelEnd_L1","L2取消窗
CancelEnd_L2","闪步/翻滚/跳取消开始
Start_Dodge","道具取消窗
CancelEnd_UseItem","通用取消窗
CancelEnd_General","缓冲:闪避→取消
DodgeQueued","缓冲:移动→取消
LSMoveQueued","缓冲:RH攻击→取消
RHAtk","缓冲:LH攻击→取消
LHAtk","缓冲:防御→取消
Guard","缓冲:切武器→取消
WeaponSw","禁止转身
DisableTurning","禁止移动
DisableMovement","无重力
NoGravity","标记为闪避
FlagDodging","转身速度
SetTurnSpeed","移动速度倍率
MoveMult","状态效果列表
SpEffectIDs","攻击行为数
AttackBehaviors"
▼ 弹刀防御 - 待机/移动/转身,,,,,,,,,,,,,,,,,,,,,,,,,,,,,,
a050_002000,DeflectGuardIdle,弹刀防御待机,3.333,24,0.00-3.07,0.00-3.07,0.00-3.07,,,0.00-3.07,,,0.00-3.07,,0.00-3.07,,0.00-3.07,0.00-3.07,,,,0.00-3.07,,,,,0.0,,"100274, 100320, 100337 等6个",
a050_002010,DeflectGuardQuickTurnLeft90,弹刀防御快速转身Left90,3.333,30,0.00-0.77,0.00-0.77,0.10-0.77,,,0.10-0.77,,,0.10-0.77,,0.20-0.77,,0.10-0.77,0.20-0.77,,,,0.20-0.77,0.20-0.77,,,,,,"100274, 100320, 100337 等7个",
a050_002011,DeflectGuardQuickTurnRight90,弹刀防御快速转身Right90,3.333,30,0.00-0.77,0.00-0.77,0.10-0.77,,,0.10-0.77,,,0.10-0.77,,0.20-0.77,,0.10-0.77,0.20-0.77,,,,0.20-0.77,0.20-0.77,,,,,,"100274, 100320, 100337 等7个",
a050_002012,DeflectGuardQuickTurnLeft180,弹刀防御快速转身Left180,3.333,33,0.00-0.77,0.00-0.77,0.10-0.77,,,0.10-0.77,,,0.10-0.77,,0.20-0.77,,0.10-0.77,0.20-0.77,,,,0.20-0.77,0.20-0.77,,,,,,"100274, 100320, 100337 等7个",
a050_002013,DeflectGuardQuickTurnRight180,弹刀防御快速转身Right180,3.333,32,0.00-0.77,0.00-0.77,0.10-0.77,,,0.10-0.77,,,0.10-0.77,,0.20-0.77,,0.10-0.77,0.20-0.77,,,,0.20-0.77,0.20-0.77,,,,,,"100274, 100320, 100337 等7个",
a050_002200,DeflectGuardMoveF,弹刀防御移动前,3.333,28,0.00-1.43,0.00-1.43,0.00-1.43,,,0.00-1.43,,,0.00-1.43,,0.00-1.43,,0.00-1.43,0.00-1.43,,,,0.00-1.43,,,,,,,"100000, 100274, 100320 等7个",
a050_002201,DeflectGuardMoveB,弹刀防御移动后,3.333,28,0.00-1.43,0.00-1.43,0.00-1.43,,,0.00-1.43,,,0.00-1.43,,0.00-1.43,,0.00-1.43,0.00-1.43,,,,0.00-1.43,,,,,,,"100000, 100274, 100320 等7个",
a050_002202,DeflectGuardMoveL,弹刀防御移动左,3.333,28,0.00-1.43,0.00-1.43,0.00-1.43,,,0.00-1.43,,,0.00-1.43,,0.00-1.43,,0.00-1.43,0.00-1.43,,,,0.00-1.43,,,,,,,"100000, 100274, 100320 等7个",
a050_002203,DeflectGuardMoveR,弹刀防御移动右,3.333,28,0.00-1.43,0.00-1.43,0.00-1.43,,,0.00-1.43,,,0.00-1.43,,0.00-1.43,,0.00-1.43,0.00-1.43,,,,0.00-1.43,,,,,,,"100000, 100274, 100320 等7个",
a050_032000,SwimDeflectGuardLoop,游泳弹刀防御循环,3.333,22,0.00-3.10,0.00-3.10,0.00-3.10,,,0.00-3.10,,,0.00-3.10,,0.00-3.10,,,,,,,0.00-3.10,,,,,180.0,,"100336, 100337, 110041, 400214",
a050_042000,DiveDeflectGuardLoop,潜水弹刀防御循环,3.333,24,0.00-3.10,0.00-3.10,0.00-3.10,,,0.00-3.10,,,,,0.00-3.10,,,,,,,0.00-3.10,,,,,180.0,,"100336, 100337, 110040, 400214",
"▼ 轻弹刀 受伤反应 (Easy Deflect Dmg, Stand)",,,,,,,,,,,,,,,,,,,,,,,,,,,,,,
a050_120000,StandDeflectEasyMinimum,站立弹刀Easy最小,0.2,3,,,,,,,,,,,,,,,,,,,,,,,,,,
a050_120100,EasyDeflectDmgSmallF,轻弹刀Dmg小前,0.933,36,0.00-0.93,0.00-0.93,0.40-0.93,,,0.50-0.93,,0.00-0.93,0.40-0.93,,0.60-0.93,,0.40-0.93,0.60-0.93,,,,0.60-0.93,0.00-0.93,,,,,,"100274, 100285, 100296 等9个",
a050_120101,EasyDeflectDmgSmallL,轻弹刀Dmg小左,0.933,35,0.00-0.93,0.00-0.93,0.40-0.93,,,0.50-0.93,,0.00-0.93,0.40-0.93,,0.60-0.93,,0.40-0.93,0.60-0.93,,,,0.60-0.93,0.00-0.93,,,,,,"100274, 100285, 100296 等9个",
a050_120102,EasyDeflectDmgSmallR,轻弹刀Dmg小右,0.933,38,0.00-0.93,0.00-0.93,0.40-0.93,,,0.50-0.93,,0.00-0.93,0.40-0.93,,0.60-0.93,,0.40-0.93,0.60-0.93,,,,0.60-0.93,0.00-0.93,,,,,,"100274, 100285, 100296 等9个",
a050_120103,EasyDeflectDmgSmallFVariation,轻弹刀Dmg小前变体,0.933,40,0.00-0.93,0.00-0.93,0.40-0.93,,,0.50-0.93,,0.00-0.93,0.40-0.93,,0.60-0.93,,0.40-0.93,0.60-0.93,,,,0.60-0.93,0.00-0.93,,,,,,"100274, 100285, 100296 等9个",
a050_120104,EasyDeflectDmgSmallLVariation,轻弹刀Dmg小左变体,0.933,40,0.00-0.93,0.00-0.93,0.40-0.93,,,0.50-0.93,,0.00-0.93,0.40-0.93,,0.60-0.93,,0.40-0.93,0.60-0.93,,,,0.60-0.93,0.00-0.93,,,,,,"100274, 100285, 100296 等9个",
a050_120105,EasyDeflectDmgSmallRVariation,轻弹刀Dmg小右变体,0.933,37,0.00-0.93,0.00-0.93,0.40-0.93,,,0.50-0.93,,0.00-0.93,0.40-0.93,,0.60-0.93,,0.40-0.93,0.60-0.93,,,,0.60-0.93,0.00-0.93,,,,,,"100274, 100285, 100296 等9个",
a050_120200,EasyDeflectDmgMiddleF,轻弹刀Dmg中前,1.767,42,0.00-1.77,0.00-1.77,0.60-1.77,,,0.60-1.77,,0.40-1.77,0.60-1.77,,0.80-1.77,,0.60-1.77,0.80-1.77,,,,0.80-1.77,0.00-1.77,,,,,,"100274, 100285, 100296 等9个",
a050_120201,EasyDeflectDmgMiddleL,轻弹刀Dmg中左,1.767,44,0.00-1.77,0.00-1.77,0.60-1.77,,,0.60-1.77,,0.40-1.77,0.60-1.77,,0.80-1.77,,0.60-1.77,0.80-1.77,,,,0.80-1.77,0.00-1.77,,,,,,"100274, 100285, 100296 等9个",
a050_120202,EasyDeflectDmgMiddleR,轻弹刀Dmg中右,1.767,48,0.00-1.77,0.00-1.77,0.60-1.77,,,0.60-1.77,,0.00-1.77,0.60-1.77,,0.80-1.77,,0.60-1.77,0.80-1.77,,,,0.80-1.77,0.00-1.77,,,,,,"100274, 100285, 100296 等9个",
a050_120203,EasyDeflectDmgMiddleFVariation,轻弹刀Dmg中前变体,1.767,42,0.00-1.77,0.00-1.77,0.60-1.77,,,0.60-1.77,,0.40-1.77,0.60-1.77,,0.80-1.77,,0.60-1.77,0.80-1.77,,,,0.80-1.77,0.00-1.77,,,,,,"100274, 100285, 100296 等9个",
a050_120204,EasyDeflectDmgMiddleLVariation,轻弹刀Dmg中左变体,1.767,43,0.00-1.77,0.00-1.77,0.60-1.77,,,0.60-1.77,,0.40-1.77,0.60-1.77,,0.80-1.77,,0.60-1.77,0.80-1.77,,,,0.80-1.77,0.00-1.77,,,,,,"100274, 100285, 100296 等9个",
a050_120205,EasyDeflectDmgMiddleRVariation,轻弹刀Dmg中右变体,1.767,43,0.00-1.77,0.00-1.77,0.60-1.77,,,0.60-1.77,,0.40-1.77,0.60-1.77,,0.80-1.77,,0.60-1.77,0.80-1.77,,,,0.80-1.77,0.00-1.77,,,,,,"100274, 100285, 100296 等9个",
a050_120300,EasyDeflectDmgLarge,轻弹刀Dmg大,2.267,45,0.50-2.27,1.80-2.27,1.00-2.27,,,1.00-2.27,,0.80-2.27,1.00-2.27,,1.40-2.27,,1.00-2.27,1.40-2.27,,,,1.40-2.27,0.00-2.27,,,,,,"100274, 100285, 100296 等9个",
a050_120301,StandDeflectEasyLarge_L,站立弹刀Easy大·左,2.267,48,0.50-2.27,1.80-2.27,1.00-2.27,,,1.00-2.27,,0.80-2.27,1.00-2.27,,1.40-2.27,,1.00-2.27,1.40-2.27,,,,1.40-2.27,0.00-2.27,,,,,,"100274, 100285, 100296 等9个",
a050_120302,StandDeflectEasyLarge_R,站立弹刀Easy大·右,2.267,50,0.50-2.27,1.80-2.27,1.00-2.27,,,1.00-2.27,,0.80-2.27,1.00-2.27,,1.40-2.27,,1.00-2.27,1.40-2.27,,,,1.40-2.27,0.00-2.27,,,,,,"100274, 100285, 100296 等9个",
a050_120700,EasyDeflectDmgExLarge,轻弹刀Dmg超大,2.933,49,1.00-2.93,2.70-2.93,1.50-2.93,,,1.50-2.93,,1.80-2.93,1.50-2.93,,2.00-2.93,,1.50-2.93,2.00-2.93,,,,2.00-2.93,0.00-2.93,,,,,,"100274, 100285, 100296 等9个",
▼ 轻弹刀 空中/落地,,,,,,,,,,,,,,,,,,,,,,,,,,,,,,
a050_122000,AirDeflectEasyMinimumAdd,空中弹刀Easy最小附加,0,0,,,,,,,,,,,,,,,,,,,,,,,,,,
a050_122101,AirDeflectEasy,空中弹刀Easy,0.933,40,0.00-0.93,0.00-0.93,0.40-0.93,,,0.20-0.93,,0.00-0.93,0.40-0.93,,,,0.40-0.93,,,,,0.60-0.93,0.00-0.93,,,,,,"9481, 100285, 100302 等11个",
a050_122102,AirDeflectEasySmall_R,空中弹刀Easy小·右,0.933,41,0.00-0.93,0.00-0.93,0.40-0.93,,,0.20-0.93,,0.00-0.93,0.40-0.93,,,,0.40-0.93,,,,,0.60-0.93,0.00-0.93,,,,,,"9481, 100285, 100302 等12个",
a050_122111,LandAirDeflectEasySmall_L,落地空中弹刀Easy小·左,0.933,39,0.00-0.93,0.00-0.93,0.40-0.93,,,0.20-0.93,,0.00-0.93,0.40-0.93,,0.60-0.93,,0.40-0.93,0.60-0.93,,,,0.60-0.93,0.00-0.93,,,,,,"100274, 100285, 100296 等9个",
a050_122112,LandAirDeflectEasySmall_R,落地空中弹刀Easy小·右,0.933,39,0.00-0.93,0.00-0.93,0.40-0.93,,,0.20-0.93,,0.00-0.93,0.40-0.93,,0.60-0.93,,0.40-0.93,0.60-0.93,,,,0.60-0.93,0.00-0.93,,,,,,"100274, 100285, 100296 等9个",
a050_122301,AirDeflectEasyLarge_L,空中弹刀Easy大·左,0,0,,,,,,,,,,,,,,,,,,,,,,,,,,
a050_122302,AirDeflectEasyLarge_R,空中弹刀Easy大·右,2.267,48,0.50-2.27,"0.00-0.90, 1.80-2.27",1.00-2.27,,,1.00-2.27,,0.80-2.27,1.00-2.27,,,,1.00-2.27,,,,,1.40-2.27,0.00-2.27,,,,,,"9481, 100285, 100302 等12个",
a050_122311,LandAirDeflectEasyLarge_L,落地空中弹刀Easy大·左,0,0,,,,,,,,,,,,,,,,,,,,,,,,,,
a050_122312,LandAirDeflectEasyLarge_R,落地空中弹刀Easy大·右,2.267,49,0.50-2.27,"0.00-0.90, 1.80-2.27",1.00-2.27,,,1.00-2.27,,0.80-2.27,1.00-2.27,,1.40-2.27,,1.00-2.27,1.40-2.27,,,,1.40-2.27,0.00-2.27,,,,,,"100274, 100285, 100296 等9个",
a050_122700,AirDeflectEasyExLarge,空中弹刀Easy超大,2.933,51,1.00-2.93,2.70-2.93,1.50-2.93,,,1.50-2.93,,1.80-2.93,1.50-2.93,,2.00-2.93,,1.50-2.93,2.00-2.93,,,,2.00-2.93,0.00-2.93,,,,,,"9481, 100285, 100302 等12个",
a050_122710,LandAirDeflectEasyExLarge,落地空中弹刀Easy超大,2.933,53,1.00-2.93,2.70-2.93,1.50-2.93,,,1.50-2.93,,1.80-2.93,1.50-2.93,,2.00-2.93,,1.50-2.93,2.00-2.93,,,,2.00-2.93,0.00-2.93,,,,,,"100274, 100285, 100296 等9个",
▼ 轻弹刀 雷击充能 (Air Electro),,,,,,,,,,,,,,,,,,,,,,,,,,,,,,
a050_122900,AirElectroChargeDeflectEasy,空中雷击充能弹刀Easy,6,33,0.20-4.77,,,,,1.00-4.77,,,,,,,,,,,,,,,,,90.0,,"9481, 109450, 400244",
a050_122901,AirElectroChargeDeflectEasyFallLoop,空中雷击充能弹刀Easy下落循环,1.1,19,0.00-1.10,,,,,0.00-1.10,,,,,,,,,,,,,,,,,90.0,,"9481, 109450, 400244",
a050_122910,AirWeakElectroChargeDeflectEasy,空中弱雷击充能弹刀Easy,2.1,29,0.00-2.10,,,,,0.40-2.10,,,,,,,,,,,,,,,,,90.0,,"9481, 109450, 400244",
a050_122911,AirWeakElectroChargeDeflectEasyFallLoop,空中弱雷击充能弹刀Easy下落循环,1.1,18,0.00-1.10,,,,,0.00-1.10,,,,,,,,,,,,,,,,,90.0,,"9481, 109450, 400244",
▼ 轻弹刀 游泳/潜水,,,,,,,,,,,,,,,,,,,,,,,,,,,,,,
a050_123100,SwimDeflectEasySmall,游泳弹刀Easy小,2.833,37,0.50-2.27,"0.00-0.90, 1.80-2.27",1.00-2.27,,,1.00-2.27,,0.80-2.27,1.00-2.27,,1.40-2.27,,,,,,,1.40-2.27,0.00-2.27,,,,,,"100285, 100337, 100383 等6个",
a050_123300,SwimDeflectEasyLarge,游泳弹刀Easy大,3.5,38,1.00-2.93,2.70-2.93,1.50-2.93,,,1.50-2.93,,1.80-2.93,1.50-2.93,,2.00-2.93,,,,,,,2.00-2.93,0.00-2.93,,,,,,"100285, 100337, 100383 等6个",
a050_124100,DiveDeflectEasySmall,潜水弹刀Easy小,2.267,33,0.50-2.27,"0.00-0.90, 1.80-2.27",1.00-2.27,,,1.00-2.27,,0.80-2.27,,,1.40-2.27,,,,,,,1.40-2.27,0.00-2.27,,,,,,"100285, 100337, 100383 等6个",
a050_124300,DiveDeflectEasyLarge,潜水弹刀Easy大,2.933,36,1.00-2.93,2.70-2.93,1.50-2.93,,,1.50-2.93,,1.80-2.93,,,2.00-2.93,,,,,,,2.00-2.93,0.00-2.93,,,,,,"100285, 100337, 100383 等6个",
▼ 轻弹刀 再分配 (Repartition),,,,,,,,,,,,,,,,,,,,,,,,,,,,,,
a050_129900,StandDeflectEasyRepartition,站立弹刀Easy再分配,3.333,40,0.50-2.60,,1.50-2.60,,,1.30-2.60,,1.30-2.60,1.50-2.60,,1.70-2.60,,1.50-2.60,1.70-2.60,,,,1.70-2.60,0.50-2.60,,,,,,"100367, 100368, 109450",
a050_129910,StandDeflectEasyRepartitionRival,站立弹刀Easy再分配对决,3.333,41,0.50-2.60,,1.50-2.60,,,1.30-2.60,,1.30-2.60,1.50-2.60,,1.70-2.60,,1.50-2.60,1.70-2.60,,,,1.70-2.60,0.50-2.60,,,,,,"100367, 100368, 109450",
a050_129920,StandDeflectEasyRepartitionIsei,站立弹刀Easy再分配异世,3.333,40,0.70-2.63,,1.50-2.63,,,1.50-2.63,,1.50-2.63,1.50-2.63,,1.80-2.63,,1.80-2.63,1.80-2.63,,,,1.80-2.63,0.00-2.63,,,,,,"100367, 100368, 109450",
a050_129930,StandDeflectEasyRepartitionOsa,站立弹刀Easy再分配押付,3.333,43,0.30-2.10,,1.10-2.10,,,1.10-2.10,,1.10-2.10,1.10-2.10,,1.50-2.10,,1.10-2.10,1.50-2.10,,,,1.50-2.10,,,,,0.0,,"100367, 100368, 109450",
"▼ 重弹刀 受伤反应 (Hard Deflect Dmg, Stand)",,,,,,,,,,,,,,,,,,,,,,,,,,,,,,
a050_130000,StandDeflectHardMinimum,站立弹刀Hard最小,0.2,5,,,,,,,,,,,,,,,,,,,,,,,,,,
a050_130100,HardDeflectDmgSmallF,重弹刀Dmg小前,1.167,39,0.00-1.17,0.00-0.60,0.30-1.17,,,0.20-1.17,,0.00-1.17,0.30-1.17,,0.50-1.17,,0.30-1.17,0.50-1.17,,,,0.50-1.17,0.00-1.17,,,,,,"100274, 100285, 100367 等7个",
a050_130101,HardDeflectDmgSmallL,重弹刀Dmg小左,1.167,40,0.00-1.17,0.00-0.60,0.30-1.17,,,0.20-1.17,,0.00-1.17,0.30-1.17,,0.50-1.17,,0.30-1.17,0.50-1.17,,,,0.50-1.17,0.00-1.17,,,,,,"100274, 100285, 100367 等7个",
a050_130102,HardDeflectDmgSmallR,重弹刀Dmg小右,1.167,39,0.00-1.17,0.00-0.60,0.30-1.17,,,0.20-1.17,,0.00-1.17,0.30-1.17,,0.50-1.17,,0.30-1.17,0.50-1.17,,,,0.50-1.17,0.00-1.17,,,,,,"100274, 100285, 100367 等6个",
a050_130200,HardDeflectDmgMiddleF,重弹刀Dmg中前,1.6,42,0.00-1.60,0.00-0.70,0.30-1.60,,,0.20-1.60,,0.00-1.60,0.30-1.60,,0.60-1.60,,0.30-1.60,0.60-1.60,,,,0.60-1.60,0.00-1.60,,,,,,"100274, 100285, 100367 等7个",
a050_130201,HardDeflectDmgMiddleL,重弹刀Dmg中左,1.6,42,0.00-1.60,0.00-0.70,0.30-1.60,,,0.20-1.60,,0.00-1.60,0.30-1.60,,0.60-1.60,,0.30-1.60,0.60-1.60,,,,0.60-1.60,0.00-1.60,,,,,,"100274, 100285, 100367 等7个",
a050_130202,HardDeflectDmgMiddleR,重弹刀Dmg中右,1.6,41,0.00-1.60,0.00-0.70,0.40-1.60,,,0.20-1.60,,0.00-1.60,0.40-1.60,,0.60-1.60,,0.40-1.60,0.60-1.60,,,,0.60-1.60,0.00-1.60,,,,,,"100274, 100285, 100367 等6个",
a050_130300,HardDeflectDmgLarge,重弹刀Dmg大,1.767,44,0.20-1.77,0.00-1.10,0.80-1.77,,,0.60-1.77,,0.30-1.77,0.80-1.77,,1.00-1.77,,0.80-1.77,1.00-1.77,,,,1.00-1.77,0.00-1.77,,,,,,"100274, 100285, 100296 等8个",
a050_130301,StandDeflectHardLarge_L,站立弹刀Hard大·左,1.767,48,0.20-1.77,0.00-1.10,0.80-1.77,,,0.60-1.77,,0.40-1.77,0.80-1.77,,1.00-1.77,,0.80-1.77,1.00-1.77,,,,1.00-1.77,0.00-1.77,,,,,,"100274, 100285, 100296 等8个",
a050_130302,StandDeflectHardLarge_R,站立弹刀Hard大·右,1.767,44,0.20-1.77,0.00-1.10,0.80-1.77,,,0.60-1.77,,0.40-1.77,0.80-1.77,,1.00-1.77,,0.80-1.77,1.00-1.77,,,,1.00-1.77,0.00-1.77,,,,,,"100285, 100367, 100368 等5个",
a050_130700,StandDeflectHardExLarge,站立弹刀Hard超大,2.433,45,0.60-2.43,0.00-1.60,1.20-2.43,,,1.20-2.43,,1.00-2.43,1.20-2.43,,1.50-2.43,,1.20-2.43,1.50-2.43,,,,1.50-2.43,0.00-2.43,,,,,,"100285, 100367, 100368 等5个",
▼ 重弹刀 空中/落地,,,,,,,,,,,,,,,,,,,,,,,,,,,,,,
a050_132000,AirDeflectHardMinimumAdd,空中弹刀Hard最小附加,0,0,,,,,,,,,,,,,,,,,,,,,,,,,,
a050_132101,AirDeflectHard,空中弹刀Hard,1.167,40,0.00-1.17,0.00-0.50,0.30-1.17,,,0.20-1.17,,0.00-1.17,0.30-1.17,,,,0.30-1.17,,,,,0.40-1.17,0.00-1.17,,,,,,"9481, 100285, 100302 等10个",
a050_132102,AirDeflectHardSmall_R,空中弹刀Hard小·右,1.167,40,0.00-1.17,0.00-0.50,0.30-1.17,,,0.20-1.17,,0.00-1.17,0.30-1.17,,,,0.30-1.17,,,,,0.40-1.17,0.00-1.17,,,,,,"9481, 100285, 100302 等10个",
a050_132111,LandAirDeflectHardSmall_F,落地空中弹刀Hard小·前,1.167,40,0.00-1.17,0.00-0.50,0.30-1.17,,,0.20-1.17,,0.00-1.17,0.30-1.17,,0.40-1.17,,0.30-1.17,0.40-1.17,,,,0.40-1.17,0.00-1.17,,,,,,"100274, 100285, 100296 等7个",
a050_132112,LandAirDeflectHardSmall_B,落地空中弹刀Hard小·后,1.167,35,0.00-1.17,0.00-0.50,0.30-1.17,,,0.20-1.17,,0.00-1.17,0.30-1.17,,0.40-1.17,,0.30-1.17,0.40-1.17,,,,0.40-1.17,0.00-1.17,,,,,,"100285, 100367, 100368, 100383",
a050_132301,AirDeflectHardLarge_L,空中弹刀Hard大·左,1.767,45,0.00-1.77,0.00-1.10,0.60-1.77,,,0.40-1.77,,0.20-1.77,0.60-1.77,,,,0.60-1.77,,,,,1.00-1.77,0.00-1.77,,,,,,"9481, 100285, 100302 等10个",
a050_132302,AirDeflectHardLarge_R,空中弹刀Hard大·右,1.767,45,0.00-1.77,0.00-1.10,0.60-1.77,,,0.40-1.77,,0.20-1.77,0.60-1.77,,,,0.60-1.77,,,,,1.00-1.77,0.00-1.77,,,,,,"9481, 100285, 100302 等10个",
a050_132311,LandAirDeflectHardLarge_L,落地空中弹刀Hard大·左,1.767,46,0.00-1.77,0.00-1.10,0.60-1.77,,,0.40-1.77,,0.20-1.77,0.60-1.77,,1.00-1.77,,0.60-1.77,1.00-1.77,,,,1.00-1.77,0.00-1.77,,,,,,"100274, 100285, 100296 等7个",
a050_132312,LandAirDeflectHardLarge_R,落地空中弹刀Hard大·右,1.767,41,0.00-1.77,0.00-1.10,0.60-1.77,,,0.40-1.77,,0.20-1.77,0.60-1.77,,1.00-1.77,,0.60-1.77,1.00-1.77,,,,1.00-1.77,0.00-1.77,,,,,,"100285, 100367, 100368, 100383",
a050_132700,AirDeflectHardExLarge,空中弹刀Hard超大,2.433,46,0.60-2.43,0.00-1.60,1.20-2.43,,,1.20-2.43,,1.00-2.43,1.20-2.43,,,,1.20-2.43,,,,,1.50-2.43,0.00-2.43,,,,,,"9481, 100285, 100302 等9个",
a050_132710,LandAirDeflectHardExLarge,落地空中弹刀Hard超大,2.433,48,0.60-2.43,0.00-1.60,1.20-2.43,,,1.20-2.43,,1.00-2.43,1.20-2.43,,1.50-2.43,,1.20-2.43,1.50-2.43,,,,1.50-2.43,0.00-2.43,,,,,,"100285, 100367, 100368, 100383",
▼ 重弹刀 雷击充能,,,,,,,,,,,,,,,,,,,,,,,,,,,,,,
a050_132900,AirElectroChargeDeflectHard,空中雷击充能弹刀Hard,6,45,0.20-4.77,,,,,1.00-4.77,,,,,,,,,,,,,,,,,90.0,,"9481, 400244",
a050_132901,AirElectroChargeDeflectHardFallLoop,空中雷击充能弹刀Hard下落循环,1.1,18,0.00-1.10,,,,,0.00-1.10,,,,,,,,,,,,,,,,,90.0,,"9481, 400244",
a050_132910,AirWeakElectroChargeDeflectHard,空中弱雷击充能弹刀Hard,2.1,31,0.00-2.10,,,,,0.40-2.10,,,,,,,,,,,,,,,,,90.0,,"9481, 400244",
a050_132911,AirWeakElectroChargeDeflectHardFallLoop,空中弱雷击充能弹刀Hard下落循环,1.1,17,0.00-1.10,,,,,0.00-1.10,,,,,,,,,,,,,,,,,90.0,,"9481, 400244",
▼ 重弹刀 游泳/潜水,,,,,,,,,,,,,,,,,,,,,,,,,,,,,,
a050_133100,SwimDeflectHardSmall,游泳弹刀Hard小,2.833,34,0.20-1.77,0.00-1.10,0.80-1.77,,,0.60-1.77,,0.40-1.77,0.80-1.77,,1.00-1.77,,,1.00-1.77,,,,1.00-1.77,0.00-1.77,,,,,,"100285, 100367, 100383, 110041",
a050_133300,SwimDeflectHardLarge,游泳弹刀Hard大,3.167,36,0.60-2.43,0.00-1.60,1.20-2.43,,,1.20-2.43,,1.00-2.43,1.20-2.43,,1.50-2.43,,,1.50-2.43,,,,1.50-2.43,0.00-2.43,,,,,,"100285, 100367, 100383, 110041",
a050_134100,DiveDeflectHardSmall,潜水弹刀Hard小,1.767,36,0.20-1.77,0.00-1.10,0.80-1.77,,,0.60-1.77,,0.40-1.77,,,1.00-1.77,,,1.00-1.77,,,,1.00-1.77,0.00-1.77,,,,,,"100285, 100367, 100383, 110040",
a050_134300,DiveDeflectHardLarge,潜水弹刀Hard大,2.433,37,0.60-2.43,0.00-1.60,1.20-2.43,,,1.20-2.43,,1.00-2.43,,,1.50-2.43,,,1.50-2.43,,,,1.50-2.43,0.00-2.43,,,,,,"100285, 100367, 100383, 110040",
▼ 重弹刀 再分配,,,,,,,,,,,,,,,,,,,,,,,,,,,,,,
a050_139900,StandDeflectHardRepartition,站立弹刀Hard再分配,3.333,42,0.30-2.60,0.00-1.60,1.50-2.60,,,1.30-2.60,,1.30-2.60,1.50-2.60,,1.70-2.60,,1.50-2.60,1.70-2.60,,,,1.70-2.60,0.50-2.60,,,,,,"100367, 100368",
a050_139910,StandDeflectHardRepartitionRival,站立弹刀Hard再分配对决,3.333,43,0.40-2.60,0.00-1.60,1.50-2.60,,,1.30-2.60,,1.30-2.60,1.50-2.60,,1.70-2.60,,1.50-2.60,1.70-2.60,,,,1.70-2.60,0.50-2.60,,,,,,"100367, 100368",
a050_139920,StandDeflectHardRepartitionIsei,站立弹刀Hard再分配异世,3.333,46,0.50-2.37,0.00-1.30,1.00-2.37,,,1.00-2.37,,1.00-2.37,1.00-2.37,,1.20-2.37,,1.00-2.37,1.20-2.37,,,,1.20-2.37,0.00-2.37,,,,,,"100274, 100296, 100367 等5个",
a050_139930,StandDeflectHardRepartitionOsa,站立弹刀Hard再分配押付,3.333,45,0.30-2.10,0.00-1.30,0.90-2.10,,,0.80-2.10,,0.80-2.10,0.90-2.10,,1.20-2.10,,0.90-2.10,1.20-2.10,,,,1.20-2.10,,,,,0.0,,"100367, 100368",
▼ 被轻弹刀 (Easy Deflected),,,,,,,,,,,,,,,,,,,,,,,,,,,,,,
a050_140000,EasyDeflectedR,被轻弹刀右,1.167,30,0.00-1.17,,0.20-1.17,,,0.20-1.17,,0.20-1.17,0.20-1.17,,0.40-1.17,,0.20-1.17,0.40-1.17,,,,0.40-1.17,0.00-1.17,,,,,,"100367, 100368",
a050_140001,EasyDeflectedL,被轻弹刀左,1.167,30,0.00-1.17,,0.20-1.17,,,0.20-1.17,,0.20-1.17,0.20-1.17,,0.40-1.17,,0.20-1.17,0.40-1.17,,,,0.40-1.17,0.00-1.17,,,,,,"100367, 100368",
a050_142000,AirDeflectedAdd,空中被弹刀附加,0.1,1,,,,,,,,,,,,,,,,,,,,,,,,,,
▼ 被重弹刀 (Hard Deflected),,,,,,,,,,,,,,,,,,,,,,,,,,,,,,
a050_150000,HardDeflectedR,被重弹刀右,1.433,32,0.00-1.43,,0.40-1.43,,,0.40-1.43,,0.40-1.43,0.40-1.43,,0.40-1.43,,0.40-1.43,0.40-1.43,,,,0.40-1.43,0.00-1.43,,,,,,"100367, 100368",
a050_150001,HardDeflectedL,被重弹刀左,1.433,37,0.00-1.43,,0.40-1.43,,,0.40-1.43,,0.40-1.43,0.40-1.43,,0.40-1.43,,0.40-1.43,0.40-1.43,,,,0.40-1.43,0.00-1.43,,,,,,"100274, 100296, 100367 等5个",
▼ 弹刀破防 (Deflect Break/Stagger),,,,,,,,,,,,,,,,,,,,,,,,,,,,,,
a050_190100,DeflectGuardBreak,弹刀防御破防,2.767,50,1.10-2.77,,1.30-2.77,,,1.50-2.77,,1.30-2.77,1.50-2.77,0.60-2.77,2.00-2.77,,1.30-2.77,2.00-2.77,,,,2.00-2.77,0.00-2.77,,,,,,"100346, 100367, 100368 等7个",
a050_190120,SwimDeflectBreak,游泳弹刀破防,3.333,33,1.70-2.77,,2.40-2.77,,,2.40-2.77,,2.40-2.77,2.40-2.77,,2.40-2.77,,,2.40-2.77,,,,2.40-2.77,0.00-2.77,,,,,,"100367, 109400, 109450 等5个",
a050_190130,DiveDeflectBreak,潜水弹刀破防,3.333,36,1.70-2.77,,2.40-2.77,,,2.40-2.77,,2.40-2.77,,,2.40-2.77,,,2.40-2.77,,,,2.40-2.77,0.00-2.77,,,,,,"100367, 109400, 109450 等5个",
a050_190150,AirDeflectGuardBreak,空中弹刀防御破防,3.333,40,1.60-2.77,,2.30-2.77,,,2.30-2.77,,2.30-2.77,2.30-2.77,0.60-2.77,,,2.30-2.77,,,,,,,,,,0.0,,"9481, 100302, 100367 等9个",
a050_190155,LandAirDeflectGuardBreak,落地空中弹刀防御破防,2.767,47,1.60-2.77,,1.30-2.77,,,2.00-2.77,,2.00-2.77,2.00-2.77,0.60-2.77,2.00-2.77,,1.30-2.77,2.00-2.77,,,,2.00-2.77,0.00-2.77,,,,,,"100337, 100346, 100367 等7个",
a050_190500,HardDeflectStagger_F,重弹刀踉跄·前,1.6,42,0.00-1.60,0.00-0.40,0.50-1.60,,,0.40-1.60,,0.40-1.60,0.50-1.60,,0.50-1.60,,0.50-1.60,0.50-1.60,,,,0.50-1.60,0.00-1.60,,,,,,"100274, 100296, 100367 等5个",
a050_190501,HardDeflectStagger_L,重弹刀踉跄·左,1.6,41,0.00-1.60,0.00-0.40,0.50-1.60,,,0.40-1.60,,0.40-1.60,0.50-1.60,,0.50-1.60,,0.50-1.60,0.50-1.60,,,,0.50-1.60,0.00-1.60,,,,,,"100274, 100296, 100367 等5个",
a050_190502,HardDeflectStagger_R,重弹刀踉跄·右,1.6,42,0.00-1.60,0.00-0.40,0.50-1.60,,,0.40-1.60,,0.40-1.60,0.50-1.60,,0.50-1.60,,0.50-1.60,0.50-1.60,,,,0.50-1.60,0.00-1.60,,,,,,"100274, 100296, 100367 等5个",
▼ 站立↔弹刀防御 切换,,,,,,,,,,,,,,,,,,,,,,,,,,,,,,
a050_203000,StandToDeflectGuard,站立→弹刀防御,3.333,36,0.00-0.60,0.00-0.60,0.00-0.60,,,0.00-0.60,,0.20-0.60,0.30-0.60,,0.30-0.60,,0.00-0.60,0.30-0.60,,,,0.30-0.60,,,,,0.0,,"100242, 100319, 100320 等9个",
a050_203001,SprintToDeflectGuard,冲刺→弹刀防御,3.333,44,0.00-0.93,0.00-0.93,0.20-0.93,,,0.20-0.93,,0.40-0.93,0.50-0.93,,0.50-0.93,,0.20-0.93,0.50-0.93,,,,0.50-0.93,"0.00-0.10, 0.70-0.93",,,,"180.0, 360.0",,"100242, 100259, 100311 等11个",
a050_203002,StandToDeflectGuard1Reverse,站立To弹刀Guard1反向,3.333,32,0.00-0.60,0.00-0.60,0.00-0.60,,,0.00-0.60,,0.20-0.60,0.30-0.60,,0.30-0.60,,0.00-0.60,0.30-0.60,,,,0.30-0.60,,,,,0.0,,"100242, 100319, 100320 等9个",
a050_203005,StandToDeflectGuard2,站立To弹刀Guard2,3.333,36,0.00-0.60,0.00-0.60,0.00-0.60,,,0.00-0.60,,0.20-0.60,0.30-0.60,,0.30-0.60,,0.00-0.60,0.30-0.60,,,,0.30-0.60,,,,,0.0,,"100242, 100319, 100320 等9个",
a050_203006,StandToDeflectGuard3,站立To弹刀Guard3,3.333,32,0.00-0.60,0.00-0.60,0.00-0.60,,,0.00-0.60,,0.20-0.60,0.30-0.60,,0.30-0.60,,0.00-0.60,0.30-0.60,,,,0.30-0.60,,,,,0.0,,"100242, 100319, 100320 等9个",
a050_203007,StandToDeflectGuard4,站立To弹刀Guard4,3.333,33,0.00-0.60,0.00-0.60,0.00-0.60,,,0.00-0.60,,0.20-0.60,0.30-0.60,,0.30-0.60,,0.00-0.60,0.30-0.60,,,,0.30-0.60,,,,,0.0,,"100242, 100319, 100320 等7个",
a050_203010,DeflectGuardToStand,弹刀防御→站立,0.767,27,0.00-0.77,0.00-0.20,0.00-0.77,,,0.00-0.77,,0.00-0.77,0.00-0.77,,0.00-0.77,,0.00-0.77,,,,,0.00-0.77,,,,,,,"100272, 100274, 100296 等6个",
a050_203011,DeflectGuardToStandMoveWalk,弹刀防御→站立移动Walk,0.767,27,0.00-0.77,0.00-0.20,0.00-0.77,,,0.00-0.77,,0.00-0.77,0.00-0.77,,0.00-0.77,,0.00-0.77,,,,,0.00-0.77,,,,,,,"100000, 100272, 100274 等7个",
a050_203012,DeflectGuardToStandMoveRun,弹刀防御→站立移动Run,0.767,27,0.00-0.77,0.00-0.20,0.00-0.77,,,0.00-0.77,,0.00-0.77,0.00-0.77,,0.00-0.77,,0.00-0.77,,,,,0.00-0.77,,,,,,,"100001, 100272, 100274 等7个",
a050_203015,DeflectGuardToStandVariation,弹刀防御→站立变体,0.767,30,0.00-0.77,0.00-0.20,0.00-0.77,,,0.00-0.77,,0.00-0.77,0.00-0.77,,0.00-0.77,,0.00-0.77,,,,,0.00-0.77,,,,,,,"100272, 100274, 100296 等6个",
a050_203016,DeflectGuardToStandMoveVariationWalk,弹刀防御→站立移动变体Walk,0.767,25,0.00-0.77,0.00-0.20,0.00-0.77,,,0.00-0.77,,0.00-0.77,0.00-0.77,,0.00-0.77,,0.00-0.77,,,,,0.00-0.77,,,,,,,"100000, 100272, 100274 等7个",
a050_203017,DeflectGuardToStandMoveVariationRun,弹刀防御→站立移动变体Run,0.767,25,0.00-0.77,0.00-0.20,0.00-0.77,,,0.00-0.77,,0.00-0.77,0.00-0.77,,0.00-0.77,,0.00-0.77,,,,,0.00-0.77,,,,,,,"100001, 100272, 100274 等7个",
a050_203100,CrouchToDeflectGuard,下蹲→弹刀防御,3.333,33,0.00-0.60,0.00-0.60,0.00-0.60,,,0.00-0.60,,0.20-0.60,0.30-0.60,,0.30-0.60,,0.00-0.60,0.30-0.60,,,,0.30-0.60,,,,,0.0,,"100319, 100320, 100337 等7个",
▼ 空中弹刀防御 切换,,,,,,,,,,,,,,,,,,,,,,,,,,,,,,
a050_203300,AirDeflectGuardStart,空中弹刀防御起始,0.867,38,0.00-0.77,0.00-0.77,0.30-0.77,,,0.00-0.77,,0.20-0.77,0.30-0.77,,,,0.30-0.77,,,,,,,,,,90.0,,"9481, 100242, 100328 等13个",
a050_203310,AirDeflectGuardLoop,空中弹刀防御循环,1.1,32,0.00-1.10,0.00-1.10,0.00-1.10,,,0.00-1.10,,0.00-1.10,0.00-1.10,,,,0.00-1.10,,,,,,,,,,90.0,,"9481, 100328, 100331 等10个",
a050_203320,AirDeflectGuardEnd,空中弹刀防御结束,0.767,29,0.00-0.77,0.00-0.20,0.00-0.77,,,0.00-0.77,,0.00-0.77,0.00-0.77,,,,0.00-0.77,,,,,,,,,,90.0,,"9481, 100328, 100331 等8个",
a050_203330,LandAirDeflectGuard,落地空中弹刀防御,0.6,33,0.00-0.60,0.00-0.60,0.30-0.60,,,0.30-0.60,,0.30-0.60,0.30-0.60,,0.30-0.60,,0.30-0.60,0.30-0.60,,,,0.30-0.60,0.00-0.60,,,,,,"100319, 100320, 100337 等6个",
a050_203400,WireFallDeflect,钩绳Fall弹刀,0.767,33,0.00-0.77,0.00-0.77,,,,0.30-0.77,,0.40-0.77,0.30-0.77,,,,,,,,,,0.00-0.77,,,,,,"9481, 100311, 100328 等11个",
a050_203410,WireMoveDeflectGuardLoop,钩绳移动弹刀防御循环,1.1,29,0.00-1.10,0.00-1.10,0.00-1.10,,,0.00-1.10,,0.00-1.10,0.00-1.10,,,,0.00-1.10,,,,,,,,,,90.0,,"9481, 100328, 100331 等8个",
a050_203420,WireMoveDeflectGuardEnd,钩绳移动弹刀防御结束,0.767,26,0.00-0.77,0.00-0.20,0.00-0.77,,,0.00-0.77,,0.00-0.77,0.00-0.77,,,,0.00-0.77,,,,,,,,,,90.0,,"9481, 100328, 100331 等6个",
▼ 游泳/潜水 弹刀防御切换,,,,,,,,,,,,,,,,,,,,,,,,,,,,,,
a050_203500,SwimDeflectGuardStart,游泳弹刀防御起始,3.333,33,0.00-0.70,0.00-0.70,0.30-0.70,,,0.20-0.70,,0.30-0.70,0.30-0.70,,0.40-0.70,,,,,,,0.40-0.70,,,,,"180.0, 900.0",,"100336, 100337, 105010 等6个",
a050_203510,SwimDeflectGuardEnd,游泳弹刀防御结束,1.533,21,0.00-0.77,0.00-0.20,0.00-0.77,,,0.00-0.77,,0.00-0.77,0.00-0.77,,0.00-0.77,,,0.00-0.77,,,,0.00-0.77,,,,,180.0,,110041,
a050_203520,SwimKickMoveGuardStart,游泳踢移Guard起始,4.933,30,0.00-2.90,0.00-2.90,0.40-2.90,,,0.30-2.90,,0.40-2.90,0.40-2.90,,0.50-2.90,,,,,,,0.50-2.90,,,,,"180.0, 450.0",,"100337, 105010, 110041, 400214",
a050_203540,SwimGuardQuickTurnLeft180,游泳Guard快速转身Left180,3.333,24,0.00-1.43,0.00-1.43,0.20-1.43,,,0.20-1.43,,,0.20-1.43,,0.20-1.43,,,,,,,0.20-1.43,,,,,"180.0, 900.0",,"100336, 100337, 110041, 400214",
a050_203541,SwimGuardQuickTurnRight180,游泳Guard快速转身Right180,3.333,24,0.00-1.43,0.00-1.43,0.20-1.43,,,0.20-1.43,,,0.20-1.43,,0.20-1.43,,,,,,,0.20-1.43,,,,,"180.0, 900.0",,"100336, 100337, 110041, 400214",
a050_203600,DiveDeflectGuardStart,潜水弹刀防御起始,3.333,30,0.00-0.70,0.00-0.70,0.30-0.70,,,0.20-0.70,,0.30-0.70,,,0.40-0.70,,,,,,,0.40-0.70,,,,,"180.0, 900.0",,"100336, 100337, 105010 等6个",
a050_203601,DiveMoveUpToDeflectGuardStart,潜水上移→弹刀防御起始,3.333,30,0.00-1.00,0.00-1.00,0.30-1.00,,,0.20-1.00,,0.30-1.00,,,0.40-1.00,,,,,,,0.40-1.00,,,,,"180.0, 900.0",,"100336, 100337, 105010 等6个",
a050_203602,DiveMoveDownToDeflectGuardStart,潜水下移→弹刀防御起始,3.333,30,0.00-1.53,0.00-1.53,0.40-1.53,,,0.30-1.53,,0.40-1.53,,,0.50-1.53,,,,,,,0.50-1.53,,,,,"180.0, 900.0",,"100336, 100337, 105010 等6个",
a050_203610,DiveDeflectGuardEnd,潜水弹刀防御结束,3.333,22,0.00-0.77,0.00-0.20,0.00-0.77,,,0.00-0.77,,0.00-0.77,,,0.00-0.77,,,0.00-0.77,,,,0.00-0.77,,,,,180.0,,110040,
a050_203620,DiveKickMoveGuardStart,潜水踢移Guard起始,3.333,32,0.00-2.90,0.00-2.90,0.40-2.90,,,0.30-2.90,,0.40-2.90,,,0.50-2.90,,,,,,,0.50-2.90,,,,,"180.0, 450.0",,"100337, 105010, 105020 等5个",
a050_203621,DiveKickMoveUpToDeflectGuardStart,潜水踢移Up→弹刀防御起始,3.333,32,0.00-3.10,0.00-3.10,0.40-3.10,,,0.30-3.10,,0.40-3.10,,,0.50-3.10,,,,,,,0.50-3.10,,,,,"180.0, 900.0",,"100336, 100337, 105010 等6个",
a050_203622,DiveKickMoveDownToDeflectGuardStart,潜水踢移倒地→弹刀防御起始,3.333,33,0.00-2.80,0.00-2.80,0.50-2.80,,,0.40-2.80,,0.50-2.80,,,0.60-2.80,,,,,,,0.60-2.80,,,,,"180.0, 900.0",,"100336, 100337, 105010 等6个",
a050_203640,DiveGuardQuickTurnLeft180,潜水Guard快速转身Left180,3.333,25,0.00-1.43,0.00-1.43,0.20-1.43,,,0.20-1.43,,,,,0.20-1.43,,,,,,,0.20-1.43,,,,,"180.0, 900.0",,"100336, 100337, 110040, 400214",
a050_203641,DiveGuardQuickTurnRight180,潜水Guard快速转身Right180,3.333,25,0.00-1.43,0.00-1.43,0.20-1.43,,,0.20-1.43,,,,,0.20-1.43,,,,,,,0.20-1.43,,,,,"180.0, 900.0",,"100336, 100337, 110040, 400214",
▼ 受伤→弹刀防御 (HitToDeflectGuard),,,,,,,,,,,,,,,,,,,,,,,,,,,,,,
a050_206200,StandDeflectGuardFromDamage_F,站立弹刀防御受伤后·前,2.767,46,0.40-2.60,0.00-1.90,1.00-2.60,,,1.00-2.60,,1.00-2.60,1.00-2.60,,1.20-2.60,,1.00-2.60,1.20-2.60,,,,1.20-2.60,"0.00-0.10, 0.40-2.60",,,,,,"100300, 100320, 100367 等7个",
a050_206201,StandDeflectGuardFromDamage_B,站立弹刀防御受伤后·后,2.6,50,0.40-2.60,0.00-1.90,1.00-2.60,,,1.00-2.60,,1.00-2.60,1.00-2.60,,1.20-2.60,,1.00-2.60,1.20-2.60,,,,1.20-2.60,"0.00-0.10, 0.40-2.60",,,,,,"100300, 100320, 100367 等7个",
a050_206202,StandDeflectGuardFromDamage_L,站立弹刀防御受伤后·左,2.6,48,0.50-2.60,0.00-1.90,1.00-2.60,,,1.00-2.60,,1.00-2.60,1.00-2.60,,1.20-2.60,,1.00-2.60,1.20-2.60,,,,1.20-2.60,"0.00-0.10, 0.40-2.60",,,,,,"100300, 100320, 100367 等7个",
a050_206203,StandDeflectGuardFromDamage_R,站立弹刀防御受伤后·右,2.6,49,0.50-2.60,0.00-1.90,1.00-2.60,,,1.00-2.60,,1.00-2.60,1.00-2.60,,1.20-2.60,,1.00-2.60,1.20-2.60,,,,1.20-2.60,"0.00-0.10, 0.40-2.60",,,,,,"100300, 100320, 100367 等7个",
▼ ★ 地面攻击连击 (Ground Attack Combo),,,,,,,,,,,,,,,,,,,,,,,,,,,,,,
a050_300000,GroundAttackCombo1,地面攻击Combo1,2.267,71,0.70-2.27,,"0.10-0.50, 1.10-2.27",0.77-0.83,,1.10-2.27,,"0.10-0.50, 1.10-2.27",1.10-2.27,0.10-0.50,1.30-2.27,,"0.10-0.50, 1.10-2.27",1.30-2.27,,,,1.30-2.27,"0.00-0.20, 0.70-2.27",,,,720.0,1 次,"100338, 100367, 100368 等7个",3 次
a050_300001,GroundAttackCombo1Reverse,地面攻击Combo1反向,2.267,75,0.70-2.27,,"0.10-0.50, 1.10-2.27",0.77-0.83,,1.10-2.27,,"0.10-0.50, 1.10-2.27",1.10-2.27,0.10-0.50,1.30-2.27,,"0.10-0.50, 1.10-2.27",1.30-2.27,,,,1.30-2.27,"0.00-0.10, 0.70-2.27",,,,720.0,1 次,"100274, 100296, 100338 等10个",3 次
a050_300010,GroundAttackCombo2,地面攻击Combo2,2.267,76,0.70-2.27,,"0.00-0.50, 1.10-2.27",0.77-0.83,,1.10-2.27,,"0.00-0.50, 1.10-2.27",1.10-2.27,0.00-0.50,1.30-2.27,,"0.00-0.50, 1.10-2.27",1.30-2.27,,,,1.30-2.27,"0.00-0.10, 0.70-2.27",,,,720.0,1 次,"100274, 100296, 100338 等10个",3 次
a050_300011,GroundAttackCombo2Reverse,地面攻击Combo2反向,2.267,71,0.70-2.27,,"0.00-0.50, 1.10-2.27",0.77-0.83,,1.10-2.27,,"0.00-0.50, 1.10-2.27",1.10-2.27,0.00-0.50,1.30-2.27,,"0.00-0.50, 1.10-2.27",1.30-2.27,,,,1.30-2.27,"0.00-0.10, 0.70-2.27",,,,720.0,1 次,"100338, 100367, 100368 等7个",3 次
a050_300020,GroundAttackCombo3,地面攻击Combo3,2.033,65,0.30-2.03,,0.70-2.03,,,0.70-2.03,,0.70-2.03,0.70-2.03,,0.90-2.03,,0.70-2.03,0.90-2.03,,,,0.90-2.03,"0.00-0.10, 0.40-2.03",,,,"180.0, 360.0",,"100360, 100367, 100368 等7个",6 次
a050_300030,GroundAttackCombo4,地面攻击Combo4,2.033,72,0.30-2.03,,"0.00-0.20, 0.60-2.03",,,0.50-2.03,,"0.00-0.20, 0.60-2.03",0.60-2.03,0.00-0.20,0.80-2.03,,"0.00-0.20, 0.60-2.03",0.80-2.03,,,,0.80-2.03,"0.00-0.10, 0.30-2.03",,,,90.0,,"100274, 100361, 100367 等9个",6 次
a050_300040,GroundAttackCombo5,地面攻击Combo5,2.033,68,0.40-2.03,,"0.00-0.10, 0.70-1.97",,,0.70-1.97,,"0.00-0.10, 0.70-1.97",0.70-1.97,0.00-0.10,1.10-1.97,,"0.00-0.10, 0.70-1.97",1.10-1.97,,,,1.10-1.97,"0.00-0.10, 0.40-1.97",,,,90.0,,"100274, 100367, 100368 等7个",6 次
a050_300100,GroundAttackCombo1Release,地面攻击Combo1释放,1.733,65,0.20-1.73,,"0.00-0.10, 0.50-1.73",,,0.50-1.73,,"0.00-0.10, 0.50-1.73",0.50-1.73,0.00-0.10,0.70-1.73,,"0.00-0.10, 0.50-1.73",0.70-1.73,,,,0.70-1.73,0.20-1.73,,,,,,"100274, 100357, 100367 等8个",6 次
a050_300101,GroundAttackCombo1ReverseRelease,地面攻击Combo1反向释放,1.733,64,0.20-1.73,,"0.00-0.10, 0.50-1.73",,,0.50-1.73,,"0.00-0.10, 0.50-1.73",0.50-1.73,0.00-0.10,0.70-1.73,,"0.00-0.10, 0.50-1.73",0.70-1.73,,,,0.70-1.73,0.20-1.73,,,,,,"100274, 100357, 100367 等8个",6 次
a050_300110,GroundAttackCombo2Release,地面攻击Combo2释放,1.633,56,0.00-1.63,,0.40-1.63,,,0.30-1.63,,0.40-1.63,0.40-1.63,,0.60-1.63,,0.40-1.63,0.60-1.63,,,,0.60-1.63,0.10-1.63,,,,,,"100358, 100367, 100368 等6个",6 次
a050_300111,GroundAttackCombo2ReverseRelease,地面攻击Combo2反向释放,1.733,63,0.20-1.73,,"0.00-0.10, 0.50-1.73",,,0.40-1.73,,"0.00-0.10, 0.50-1.73",0.50-1.73,0.00-0.10,0.60-1.73,,"0.00-0.10, 0.50-1.73",0.60-1.73,,,,0.60-1.73,0.20-1.73,,,,,,"100358, 100367, 100368 等6个",6 次
▼ ★ 下蹲攻击 (Crouch Attack),,,,,,,,,,,,,,,,,,,,,,,,,,,,,,
a050_301000,CrouchAtkFirst,下蹲Atk第1,2.267,76,0.70-2.27,,"0.10-0.50, 1.10-2.27",0.77-0.83,,1.10-2.27,,"0.10-0.50, 1.10-2.27",1.10-2.27,0.00-0.50,1.30-2.27,,"0.10-0.50, 1.10-2.27",1.30-2.27,,,,1.30-2.27,"0.00-0.10, 0.70-2.27",,,,720.0,1 次,"100274, 100296, 100338 等11个",3 次
a050_301050,CrouchAttackToStandRelease,下蹲攻击→站立释放,1.633,59,0.00-1.63,,0.40-1.63,,,0.40-1.63,,0.40-1.63,0.40-1.63,,0.60-1.63,,0.40-1.63,0.60-1.63,,,,0.60-1.63,0.10-1.63,,,,,,"100265, 100367, 100368 等7个",6 次
a050_301100,CrouchAttackToCrouch,下蹲攻击To下蹲,3.333,66,0.30-1.90,,1.00-1.90,,,1.00-1.90,,1.00-1.90,1.00-1.90,,1.20-1.90,,1.00-1.90,1.20-1.90,,,,1.20-1.90,"0.00-0.10, 0.40-1.90",,,,90.0,,"100367, 100368, 106085 等7个",6 次
▼ ★ 冲刺攻击 (Sprint Attack),,,,,,,,,,,,,,,,,,,,,,,,,,,,,,
a050_302010,SprintAttack_L,冲刺攻击·左,2.267,78,0.70-2.27,,"0.40-0.60, 1.10-2.27",0.77-0.83,,1.10-2.27,,"0.40-0.60, 1.10-2.27",1.10-2.27,0.30-0.60,1.40-2.27,,"0.40-0.60, 1.10-2.27",1.40-2.27,,,,1.40-2.27,0.70-2.27,,,,"180.0, 360.0",1 次,"100274, 100296, 100338 等10个",3 次
a050_302011,SprintAttack_R,冲刺攻击·右,2.267,75,0.70-2.27,,"0.40-0.60, 1.10-2.27",0.77-0.83,,1.10-2.27,,"0.40-0.60, 1.10-2.27",1.10-2.27,0.30-0.60,1.40-2.27,,"0.40-0.60, 1.10-2.27",1.40-2.27,,,,1.40-2.27,0.70-2.27,,,,"180.0, 360.0",1 次,"100338, 100367, 100368 等7个",3 次
a050_302110,SprintAttackRelease_L,冲刺攻击释放·左,0,0,,,,,,,,,,,,,,,,,,,,,,,,,,
a050_302111,SprintAttackRelease_R,冲刺攻击释放·右,0,0,,,,,,,,,,,,,,,,,,,,,,,,,,
▼ 重弹刀攻击 (Hard Deflect Attack),,,,,,,,,,,,,,,,,,,,,,,,,,,,,,
a050_304010,HardDeflectAtkSmallF,重弹刀Atk小前,1.667,12,,,,,,,,,,,,,,,,,,,,,,,,,,
a050_304011,HardDeflectAtkSmallL,重弹刀Atk小左,2.1,74,0.50-2.10,,"0.10-0.40, 0.90-2.10",0.57-0.63,,0.90-2.10,,"0.10-0.40, 0.90-2.10",0.90-2.10,0.00-0.40,1.10-2.10,,"0.10-0.40, 0.90-2.10",1.10-2.10,,,,1.10-2.10,"0.00-0.10, 0.50-2.10",,,,90.0,1 次,"100274, 100296, 100338 等10个",3 次
a050_304012,HardDeflectAtkSmallR,重弹刀Atk小右,2.1,70,0.50-2.10,,"0.10-0.40, 0.90-2.10",0.57-0.63,,0.90-2.10,,"0.10-0.40, 0.90-2.10",0.90-2.10,0.00-0.40,1.10-2.10,,"0.10-0.40, 0.90-2.10",1.10-2.10,,,,1.10-2.10,"0.00-0.10, 0.50-2.10",,,,90.0,1 次,"100338, 100367, 100368 等7个",3 次
a050_304020,HardDeflectAtkMiddleF,重弹刀Atk中前,2.067,13,,,,,,,,,,,,,,,,,,,,,,,,,,
a050_304021,HardDeflectAtkMiddleL,重弹刀Atk中左,2.267,73,0.70-2.27,,"0.40-0.60, 1.10-2.27",0.77-0.83,,1.10-2.27,,"0.40-0.60, 1.10-2.27",1.10-2.27,0.30-0.60,1.40-2.27,,"0.40-0.60, 1.10-2.27",1.40-2.27,,,,1.40-2.27,"0.00-0.10, 0.70-2.27",,,,90.0,1 次,"100338, 100367, 100368 等7个",3 次
a050_304022,HardDeflectAtkMiddleR,重弹刀Atk中右,2.267,78,0.70-2.27,,"0.40-0.60, 1.10-2.27",0.77-0.83,,1.10-2.27,,"0.40-0.60, 1.10-2.27",1.10-2.27,0.30-0.60,1.40-2.27,,"0.40-0.60, 1.10-2.27",1.40-2.27,,,,1.40-2.27,"0.00-0.10, 0.70-2.27",,,,90.0,1 次,"100274, 100296, 100338 等10个",3 次
a050_304110,HardDeflectAtkReleaseSmall_F,重弹刀Atk释放小·前,0,0,,,,,,,,,,,,,,,,,,,,,,,,,,
a050_304111,HardDeflectAtkReleaseSmall_L,重弹刀Atk释放小·左,1.767,58,0.10-1.77,,0.40-1.77,,,0.40-1.77,,0.40-1.77,0.40-1.77,,0.70-1.77,,0.40-1.77,0.70-1.77,,,,0.70-1.77,0.20-1.77,,,,,,"100265, 100367, 100368 等6个",6 次
a050_304112,HardDeflectAtkReleaseSmall_R,重弹刀Atk释放小·右,1.767,61,0.10-1.77,,0.40-1.77,,,0.40-1.77,,0.40-1.77,0.40-1.77,,0.70-1.77,,0.40-1.77,0.70-1.77,,,,0.70-1.77,0.20-1.77,,,,,,"100274, 100357, 100367 等8个",6 次
a050_304120,HardDeflectAtkReleaseMiddle_F,重弹刀Atk释放中·前,0,0,,,,,,,,,,,,,,,,,,,,,,,,,,
a050_304121,HardDeflectAtkReleaseMiddle_L,重弹刀Atk释放中·左,1.767,62,0.10-1.77,,0.50-1.77,,,0.40-1.77,,0.50-1.77,0.50-1.77,,0.70-1.77,,0.50-1.77,0.70-1.77,,,,0.70-1.77,0.20-1.77,,,,,,"100274, 100357, 100367 等8个",6 次
a050_304122,HardDeflectAtkReleaseMiddle_R,重弹刀Atk释放中·右,1.767,59,0.10-1.77,,0.50-1.77,,,0.40-1.77,,0.50-1.77,0.50-1.77,,0.70-1.77,,0.50-1.77,0.70-1.77,,,,0.70-1.77,0.20-1.77,,,,,,"100265, 100367, 100368 等6个",6 次
▼ 被轻弹刀攻击 (Easy Deflected Attack),,,,,,,,,,,,,,,,,,,,,,,,,,,,,,
a050_305000,EasyDeflectedAtkR,被轻弹刀Atk右,2.033,69,0.50-2.03,,"0.10-0.40, 0.80-2.03",0.57-0.63,,0.80-2.03,,"0.10-0.40, 0.80-2.03",0.80-2.03,0.00-0.40,1.00-2.03,,"0.10-0.40, 0.80-2.03",1.00-2.03,,,,1.00-2.03,0.50-2.03,,,,720.0,1 次,"100338, 100367, 100368 等6个",3 次
a050_305001,EasyDeflectedAtkL,被轻弹刀Atk左,2.033,73,0.50-2.03,,"0.10-0.40, 0.80-2.03",0.57-0.63,,0.80-2.03,,"0.10-0.40, 0.80-2.03",0.80-2.03,0.00-0.40,1.00-2.03,,"0.10-0.40, 0.80-2.03",1.00-2.03,,,,1.00-2.03,0.50-2.03,,,,720.0,1 次,"100274, 100296, 100338 等9个",3 次
a050_305100,EasyDeflectedAtkRelease_R,被轻弹刀Atk释放·右,1.767,61,0.10-1.77,,0.40-1.77,,,0.40-1.77,,0.40-1.77,0.40-1.77,,0.70-1.77,,0.40-1.77,0.70-1.77,,,,0.70-1.77,0.10-1.77,,,,,,"100274, 100357, 100367 等8个",6 次
a050_305101,EasyDeflectedAtkRelease_L,被轻弹刀Atk释放·左,1.767,60,0.10-1.77,,0.40-1.77,,,0.40-1.77,,0.40-1.77,0.40-1.77,,0.70-1.77,,0.40-1.77,0.70-1.77,,,,0.70-1.77,0.10-1.77,,,,,,"100265, 100367, 100368 等6个",6 次
▼ ★ 空中攻击连击 (Air Combo Attack),,,,,,,,,,,,,,,,,,,,,,,,,,,,,,
a050_308000,AirComboAttack1,空中连击Attack1,1.067,61,0.10-1.07,,0.40-1.07,,,0.30-1.07,,0.40-1.07,0.40-1.07,,,,0.40-1.07,,,,,,,,,,90.0,,"9481, 100302, 100328 等14个",6 次
a050_308010,AirComboAttack2,空中连击Attack2,1.067,62,0.10-1.07,,0.40-1.07,,,0.30-1.07,,0.40-1.07,0.40-1.07,,,,0.40-1.07,,,,,,,,,,90.0,,"9481, 100302, 100328 等15个",6 次
a050_308020,AirComboAttack3,空中连击Attack3,1.067,61,0.10-1.07,,0.40-1.07,,,0.30-1.07,,0.40-1.07,0.40-1.07,,,,0.40-1.07,,,,,,,,,,90.0,,"9481, 100302, 100328 等14个",6 次
a050_308050,LandAirComboAttack1,落地空中连击Attack1,1.767,59,0.10-1.77,,0.70-1.77,,,0.30-1.77,,0.40-1.77,0.50-1.77,,0.70-1.77,,0.40-1.77,0.70-1.77,,,,0.70-1.77,0.20-1.77,,,,,,"100367, 100368, 106085 等7个",6 次
a050_308060,LandAirComboAttack2,落地空中连击Attack2,1.767,64,0.10-1.77,,0.70-1.77,,,0.30-1.77,,0.40-1.77,0.50-1.77,,0.70-1.77,,0.40-1.77,0.70-1.77,,,,0.70-1.77,0.20-1.77,,,,,,"100274, 100296, 100367 等10个",6 次
a050_308070,LandAirComboAttack3,落地空中连击Attack3,1.767,59,0.10-1.77,,0.70-1.77,,,0.30-1.77,,0.40-1.77,0.50-1.77,,0.70-1.77,,0.40-1.77,0.70-1.77,,,,0.70-1.77,0.20-1.77,,,,,,"100367, 100368, 106085 等7个",6 次
▼ 空中雷击受伤,,,,,,,,,,,,,,,,,,,,,,,,,,,,,,
a050_308900,AirElectroReceiveAttack,空中雷击Receive攻击,1.6,40,0.70-1.60,,1.40-1.60,,,1.40-1.60,,1.40-1.60,1.40-1.60,,,,1.40-1.60,,,,,,0.10-1.20,,,,45.0,,"9481, 9505, 9506 等7个",
a050_308901,LandAirElectroReceiveAttack,落地空中雷击Receive攻击,2.267,42,0.90-2.27,,1.40-2.27,,,1.40-2.27,,1.40-2.27,1.40-2.27,,1.50-2.27,,1.40-2.27,1.50-2.27,,,,1.50-2.27,0.10-2.27,,,,,,"9481, 9505, 9506 等8个",
a050_308910,AirWeakElectroReceiveAttack,空中弱雷击Receive攻击,1.767,40,0.50-1.77,,1.00-1.77,,,1.00-1.77,,1.00-1.77,1.00-1.77,,,,1.00-1.77,,,,,,0.10-1.00,,,,45.0,,"9481, 9505, 9506 等7个",2 次
a050_308911,LandAirWeakElectroReceiveAttack,落地空中弱雷击Receive攻击,1.767,41,0.50-1.77,,1.00-1.77,,,1.00-1.77,,1.00-1.77,1.00-1.77,,1.20-1.77,,1.00-1.77,1.20-1.77,,,,1.20-1.77,0.10-1.77,,,,,,"9481, 9505, 9506 等6个",2 次
▼ ★ 钩绳坠落攻击 (Wire Fall Attack),,,,,,,,,,,,,,,,,,,,,,,,,,,,,,
a050_309000,WireFallAttackCombo1,钩绳Fall攻击Combo1,2.1,72,0.50-2.10,,,,,,,1.20-2.10,1.20-2.10,,,,,,,,,1.40-2.10,0.00-2.10,,,,,,"9481, 100302, 100328 等11个",12 次
a050_309050,LandWireFallAttackCombo1,落地钩绳Fall攻击Combo1,2.1,83,0.50-2.10,,1.20-2.10,,,1.00-2.10,,1.20-2.10,1.20-2.10,,1.40-2.10,,1.20-2.10,1.40-2.10,,,,1.40-2.10,0.70-2.10,,,,"90.0, 180.0",,"100274, 100296, 100367 等9个",12 次
▼ ★ 游泳攻击 (Swim Attack),,,,,,,,,,,,,,,,,,,,,,,,,,,,,,
a050_310000,SwimAttackCombo1,游泳攻击Combo1,6.667,55,0.60-3.43,,"0.17-0.47, 1.30-3.43",0.70-1.20,,1.30-3.43,,"0.17-0.47, 1.30-3.43",1.30-3.43,,1.50-3.43,,,1.50-3.43,,,,1.50-3.43,"0.00-0.10, 0.80-3.43",,,,900.0,3 次,"100338, 100357, 100367 等5个",1 次
a050_310010,SwimAttackCombo2,游泳攻击Combo2,6.667,55,0.60-3.43,,"0.17-0.47, 1.30-3.43",0.70-1.20,,1.30-3.43,,"0.17-0.47, 1.30-3.43",1.30-3.43,,1.50-3.43,,,1.50-3.43,,,,1.50-3.43,"0.00-0.10, 0.80-3.43",,,,900.0,3 次,"100338, 100358, 100367 等5个",1 次
a050_310020,SwimAttackCombo3,游泳攻击Combo3,6.667,55,0.60-3.43,,"0.17-0.47, 1.30-3.43",0.70-1.20,,1.30-3.43,,"0.17-0.47, 1.30-3.43",1.30-3.43,,1.50-3.43,,,1.50-3.43,,,,1.50-3.43,"0.00-0.10, 0.80-3.43",,,,900.0,3 次,"100338, 100357, 100367 等5个",1 次
a050_310100,SwimAttackCombo1Release,游泳攻击Combo1释放,3.5,46,0.23-1.93,,"0.03-0.13, 0.63-1.93",,,0.43-1.93,,"0.03-0.13, 0.63-1.93",0.63-1.93,,0.73-1.93,,,0.73-1.93,,,,0.73-1.93,0.23-1.93,,,,900.0,,"100357, 100367, 109974, 110041",1 次
a050_310110,SwimAttackCombo2Release,游泳攻击Combo2释放,3.5,46,0.23-1.93,,"0.03-0.13, 0.63-1.93",,,0.43-1.93,,"0.03-0.13, 0.63-1.93",0.63-1.93,,0.73-1.93,,,0.73-1.93,,,,0.73-1.93,0.23-1.93,,,,900.0,,"100358, 100367, 109974, 110041",1 次
a050_310120,SwimAttackCombo3Release,游泳攻击Combo3释放,3.5,46,0.23-1.93,,"0.03-0.13, 0.63-1.93",,,0.43-1.93,,"0.03-0.13, 0.63-1.93",0.63-1.93,,0.73-1.93,,,0.73-1.93,,,,0.73-1.93,0.23-1.93,,,,900.0,,"100357, 100367, 109974, 110041",1 次
a050_310200,SwimKickMoveAttack_F,游泳踢移攻击·前,6.667,47,0.30-3.13,,1.00-3.13,0.40-0.90,,1.00-3.13,,1.00-3.13,1.00-3.13,,1.20-3.13,,,1.20-3.13,,,,1.20-3.13,0.40-3.13,,,,"180.0, 270.0, 360.0",3 次,"100367, 109970, 110041",1 次
a050_310201,SwimKickMoveAttack_B,游泳踢移攻击·后,6.667,45,0.50-3.33,,1.20-3.33,0.60-1.10,,1.20-3.33,,1.20-3.33,1.20-3.33,,1.40-3.33,,,1.40-3.33,,,,1.40-3.33,0.60-3.33,,,,"180.0, 360.0",2 次,"100367, 109970, 110041",1 次
▼ ★ 潜水攻击 (Dive Attack),,,,,,,,,,,,,,,,,,,,,,,,,,,,,,
a050_311000,DiveAttackCombo1,潜水攻击Combo1,3.433,54,0.60-3.43,,"0.17-0.47, 1.30-3.43",0.70-1.20,,1.30-3.43,,"0.17-0.47, 1.30-3.43",,,1.50-3.43,,,1.50-3.43,,,,1.50-3.43,0.80-3.43,,,,360.0,3 次,"100338, 100357, 100367 等5个",1 次
a050_311010,DiveAttackCombo2,潜水攻击Combo2,3.433,55,0.60-3.43,,"0.17-0.47, 1.30-3.43",0.70-1.20,,1.30-3.43,,"0.17-0.47, 1.30-3.43",,,1.50-3.43,,,1.50-3.43,,,,1.50-3.43,0.80-3.43,,,,900.0,3 次,"100338, 100358, 100367 等5个",1 次
a050_311020,DiveAttackCombo3,潜水攻击Combo3,3.433,54,0.60-3.43,,"0.17-0.47, 1.30-3.43",0.70-1.20,,1.30-3.43,,"0.17-0.47, 1.30-3.43",,,1.50-3.43,,,1.50-3.43,,,,1.50-3.43,0.80-3.43,,,,900.0,3 次,"100338, 100357, 100367 等5个",1 次
a050_311100,DiveAttackCombo1Release,潜水攻击Combo1释放,1.933,45,0.23-1.93,,"0.03-0.13, 0.63-1.93",,,0.43-1.93,,"0.03-0.13, 0.63-1.93",,,0.73-1.93,,,0.73-1.93,,,,0.73-1.93,0.23-1.93,,,,900.0,1 次,"100357, 100367, 109974, 110040",1 次
a050_311110,DiveAttackCombo2Release,潜水攻击Combo2释放,1.933,45,0.23-1.93,,"0.03-0.13, 0.63-1.93",,,0.43-1.93,,"0.03-0.13, 0.63-1.93",,,0.73-1.93,,,0.73-1.93,,,,0.73-1.93,0.23-1.93,,,,900.0,1 次,"100358, 100367, 109974, 110040",1 次
a050_311120,DiveAttackCombo3Release,潜水攻击Combo3释放,1.933,45,0.23-1.93,,"0.03-0.13, 0.63-1.93",,,0.43-1.93,,"0.03-0.13, 0.63-1.93",,,0.73-1.93,,,0.73-1.93,,,,0.73-1.93,0.23-1.93,,,,900.0,1 次,"100357, 100367, 109974, 110040",1 次
a050_311200,DiveKickMoveAttack_F,潜水踢移攻击·前,3.133,46,0.30-3.13,,1.00-3.13,0.40-0.90,,1.00-3.13,,1.00-3.13,,,1.20-3.13,,,1.20-3.13,,,,1.20-3.13,0.40-3.13,,,,"180.0, 270.0, 360.0",3 次,"100367, 109970, 110040",1 次
a050_311201,DiveKickMoveAttack_B,潜水踢移攻击·后,3.333,43,0.50-3.33,,1.20-3.33,0.60-1.10,,1.20-3.33,,1.20-3.33,,,1.40-3.33,,,1.40-3.33,,,,1.40-3.33,0.60-3.33,,,,"180.0, 360.0",2 次,"100367, 109970, 110040",1 次
▼ ★ 地面垫步攻击 (Ground Step Attack),,,,,,,,,,,,,,,,,,,,,,,,,,,,,,
a050_313001,GroundStepAttack_F,地面垫步攻击·前,2.267,73,0.70-2.27,,"0.40-0.60, 1.10-2.27",0.77-0.83,,1.10-2.27,,"0.40-0.60, 1.10-2.27",1.10-2.27,0.30-0.60,1.40-2.27,,"0.40-0.60, 1.10-2.27",1.40-2.27,,,,1.40-2.27,"0.00-0.10, 0.70-2.27",,,,90.0,1 次,"100338, 100367, 100368 等7个",3 次
a050_313002,GroundStepAttack_B,地面垫步攻击·后,2.267,77,0.70-2.27,,"0.40-0.60, 1.10-2.27",0.77-0.83,,1.10-2.27,,"0.40-0.60, 1.10-2.27",1.10-2.27,0.30-0.60,1.40-2.27,,"0.40-0.60, 1.10-2.27",1.40-2.27,,,,1.40-2.27,"0.00-0.10, 0.70-2.27",,,,90.0,1 次,"100274, 100296, 100338 等10个",3 次
▼ ★ 悬挂攻击 (Hang Attack),,,,,,,,,,,,,,,,,,,,,,,,,,,,,,
a050_314000,HangAttackCombo1,悬挂攻击Combo1,3.333,60,1.00-1.53,,1.30-1.53,,,1.30-1.53,,1.30-1.53,1.30-1.53,,1.30-1.53,,1.30-1.53,1.30-1.53,,,,1.30-1.53,0.00-1.53,,,,,,"100367, 100368, 106085 等8个",6 次
a050_314010,HangFootHoldAttackCombo1,悬挂踩点攻击Combo1,3.333,67,1.00-1.53,,1.30-1.53,,,1.30-1.53,,1.30-1.53,1.30-1.53,,1.30-1.53,,1.30-1.53,1.30-1.53,,,,1.30-1.53,0.00-1.53,,,,,,"100367, 100368, 106085 等8个",6 次
▼ ★ 弹刀防御攻击 (Deflect Guard Attack),,,,,,,,,,,,,,,,,,,,,,,,,,,,,,
a050_315000,DeflectGuardAttack,弹刀防御攻击,2.267,74,0.70-2.27,,"0.10-0.50, 1.10-2.27",0.77-0.83,,1.10-2.27,,"0.10-0.50, 1.10-2.27",1.10-2.27,0.00-0.50,1.30-2.27,,"0.10-0.50, 1.10-2.27",1.30-2.27,,,,1.30-2.27,"0.00-0.10, 0.70-2.27",,,,720.0,1 次,"100274, 100296, 100338 等10个",3 次
a050_315100,DeflectGuardAttackRelease,弹刀防御攻击释放,1.633,56,0.10-1.63,,0.40-1.63,,,0.40-1.63,,0.40-1.63,0.40-1.63,,0.60-1.63,,0.40-1.63,0.60-1.63,,,,0.60-1.63,0.10-1.63,,,,,,"100265, 100367, 100368 等6个",6 次
▼ ★ 老化地面攻击,,,,,,,,,,,,,,,,,,,,,,,,,,,,,,
a050_390000,AgingGroundAttack,老化地面攻击,3.8,73,2.50-3.80,,2.70-3.80,,,2.70-3.80,,2.70-3.80,2.70-3.80,,2.70-3.80,,2.70-3.80,2.70-3.80,,,,2.70-3.80,"0.00-0.10, 1.00-1.50, 1.90-3.80",,,,"180.0, 360.0",2 次,"100367, 100368, 106085 等6个",6 次
